Account,Related Name,ID,Path
BHG - 1st Florida,BHG -  FL,id:nolttIdao8sAAAAAAABb-A,/Regional Accounts/1 - Account Folders/BHG -  FL
C21 Tenace Realty,C21 Tenace Realty - Boynton Beach,id:nolttIdao8sAAAAAAABbjg,/Regional Accounts/1 - Account Folders/C21 Tenace Realty - Boynton Beach
Champagne & Parisi,Champagne & Parisi,id:nolttIdao8sAAAAAAABbjQ,/Regional Accounts/1 - Account Folders/Champagne & Parisi
Exit Realty,Exit Realty Lake Worth and Wellington,id:2IOwc7IgdHAAAAAAAAA39w,/Regional Accounts/1 - Account Folders/Exit Realty Lake Worth and Wellington
KW - Suburban Tampa,KW - Brandon,id:2IOwc7IgdHAAAAAAAAAtmw,/Regional Accounts/1 - Account Folders/KW - Brandon
KW - Buckhead,KW - Buckhead,id:nolttIdao8sAAAAAAABbhQ,/Regional Accounts/1 - Account Folders/KW - Buckhead
KW - Cityside,KW - Cityside,id:nolttIdao8sAAAAAAABbgw,/Regional Accounts/1 - Account Folders/KW - Cityside
KW - Coral Springs,KW - Coral Springs,id:nolttIdao8sAAAAAAABbgg,/Regional Accounts/1 - Account Folders/KW - Coral Springs
KW - East Cobb,KW - East Cobb,id:nolttIdao8sAAAAAAABbgQ,/Regional Accounts/1 - Account Folders/KW - East Cobb
KW - Ft. Lauderdale,KW - Ft. Lauderdale,id:nolttIdao8sAAAAAAABbgA,/Regional Accounts/1 - Account Folders/KW - Ft. Lauderdale
KW - Intown,KW - Intown,id:2IOwc7IgdHAAAAAAAAA2pg,/Regional Accounts/1 - Account Folders/KW - Intown
KW - Premier,KW - Kannapolis,id:nolttIdao8sAAAAAAABbfg,/Regional Accounts/1 - Account Folders/KW - Kannapolis
KW - Midtown,KW - Midtown,id:nolttIdao8sAAAAAAABbfQ,/Regional Accounts/1 - Account Folders/KW - Midtown
KW - Paddocks,KW - Paddocks,id:nolttIdao8sAAAAAAABbfA,/Regional Accounts/1 - Account Folders/KW - Paddocks
KW - Peachtree City,KW - Peachtree City,id:nolttIdao8sAAAAAAABbew,/Regional Accounts/1 - Account Folders/KW - Peachtree City
KW - Snellville,KW - Snellville,id:nolttIdao8sAAAAAAABbeg,/Regional Accounts/1 - Account Folders/KW - Snellville
KW - Sugarloaf,KW - Sugarloaf,id:nolttIdao8sAAAAAAABbeA,/Regional Accounts/1 - Account Folders/KW - Sugarloaf
KW - Tucker,KW - Tucker,id:nolttIdao8sAAAAAAABbdg,/Regional Accounts/1 - Account Folders/KW - Tucker
KW - West Cobb,KW - West Cobb,id:nolttIdao8sAAAAAAABbdA,/Regional Accounts/1 - Account Folders/KW - West Cobb
KW - Woodstock,KW - Woodstock,id:nolttIdao8sAAAAAAABbcw,/Regional Accounts/1 - Account Folders/KW - Woodstock
Lake Realty,Lake Realty - NC,id:nolttIdao8sAAAAAAABbcg,/Regional Accounts/1 - Account Folders/Lake Realty - NC
ReMax Advisors,ReMax - Advisors,id:nolttIdao8sAAAAAAABbcQ,/Regional Accounts/1 - Account Folders/ReMax - Advisors
ReMax Park Creek,ReMax - Park Creek,id:nolttIdao8sAAAAAAABbcA,/Regional Accounts/1 - Account Folders/ReMax - Park Creek
ReMax Preferred,ReMax - Preferred,id:nolttIdao8sAAAAAAABbbw,/Regional Accounts/1 - Account Folders/ReMax - Preferred
KW - Peachtree Road,KW - Peachtree Road,id:2IOwc7IgdHAAAAAAAABK8A,/Regional Accounts/1 - Account Folders/KW - Peachtree Road
KW - Plantation,KW - Plantation,id:2IOwc7IgdHAAAAAAAABLZg,/Regional Accounts/1 - Account Folders/KW - Plantation
KW - South Tampa,KW - South Tampa,id:2IOwc7IgdHAAAAAAAABSnw,/Regional Accounts/1 - Account Folders/KW - South Tampa
KW - Greater Athens,KW - Greater Athens,id:2IOwc7IgdHAAAAAAAABTZw,/Regional Accounts/1 - Account Folders/KW - Greater Athens
KW - Barrow Jackson,KW - Barrow Jackson,id:2IOwc7IgdHAAAAAAAABVVA,/Regional Accounts/1 - Account Folders/KW - Barrow Jackson
Realty One,Realty One - Sanders Team,id:2IOwc7IgdHAAAAAAAAA2NA,/Regional Accounts/1 - Account Folders/Realty One - Sanders Team
